engine,arm,round,row_index,feature,gamma,prediction_gap,attribution
xgboost,legacy,2,889,duration,0.0006261892187620237,-0.09031944023445249,-0.00030105434682226967
xgboost,legacy,2,889,sex,0.0,-0.09031944023445249,-0.0
xgboost,legacy,2,889,urinary_calcium_excretion,0.09787644018628514,-0.09031944023445249,0.02671146328501855
xgboost,legacy,2,889,parathyroid_suppression,0.0,-0.09031944023445249,-0.0
xgboost,legacy,2,889,hypercalciuria_predisposition,0.0,-0.09031944023445249,-0.0
xgboost,legacy,2,889,history_of_nephrolithiasis,0.20041781941724301,-0.09031944023445249,-0.0057764950057317705
xgboost,legacy,2,889,vitamin_d_inflight,0.07711793225265186,-0.09031944023445249,-0.018014475816623708
xgboost,legacy,2,889,nutrients_risk,0.07214888047342888,-0.09031944023445249,0.0004263574104359547
xgboost,legacy,2,889,urinary_oxalate_excretion,0.09408988750834485,-0.09031944023445249,-0.011538670699592598
xgboost,legacy,2,889,bone_formation,0.0,-0.09031944023445249,0.0
xgboost,legacy,2,889,bone_resorption,0.0,-0.09031944023445249,-0.0
xgboost,legacy,2,889,hydration_fluid_intake,0.23815397802535107,-0.09031944023445249,-0.007972756017004132
xgboost,legacy,2,889,urine_chemistry,0.21956887291793314,-0.09031944023445249,-0.07385380904413252
xgboost,direction_fixed_stale_reversal,2,889,duration,0.0005459168462758089,-0.09031944023445249,-0.00022503611489788482
xgboost,direction_fixed_stale_reversal,2,889,sex,0.0,-0.09031944023445249,-0.0
xgboost,direction_fixed_stale_reversal,2,889,urinary_calcium_excretion,0.09151332761897414,-0.09031944023445249,0.021413628838353474
xgboost,direction_fixed_stale_reversal,2,889,parathyroid_suppression,0.06517515213376618,-0.09031944023445249,-0.008796187204088363
xgboost,direction_fixed_stale_reversal,2,889,hypercalciuria_predisposition,0.04460295085718532,-0.09031944023445249,-0.011411116150829457
xgboost,direction_fixed_stale_reversal,2,889,history_of_nephrolithiasis,0.17472588258552646,-0.09031944023445249,-0.004317891462249283
xgboost,direction_fixed_stale_reversal,2,889,vitamin_d_inflight,0.06723203962200254,-0.09031944023445249,-0.0134657004374302
xgboost,direction_fixed_stale_reversal,2,889,nutrients_risk,0.05878140009800595,-0.09031944023445249,0.000297831448930976
xgboost,direction_fixed_stale_reversal,2,889,urinary_oxalate_excretion,0.08202832804523588,-0.09031944023445249,-0.008625079334447595
xgboost,direction_fixed_stale_reversal,2,889,bone_formation,0.0,-0.09031944023445249,0.0
xgboost,direction_fixed_stale_reversal,2,889,bone_resorption,0.016348503517531483,-0.09031944023445249,-0.0040250785763605865
xgboost,direction_fixed_stale_reversal,2,889,hydration_fluid_intake,0.2076245721200251,-0.09031944023445249,-0.00595958190949006
xgboost,direction_fixed_stale_reversal,2,889,urine_chemistry,0.19142192655547113,-0.09031944023445249,-0.0552052293319435
xgboost,direction_and_reversal_fixed,2,889,duration,0.0005436776664056933,-0.09031944023445249,-0.00022508812041912356
xgboost,direction_and_reversal_fixed,2,889,sex,0.0,-0.09031944023445249,-0.0
xgboost,direction_and_reversal_fixed,2,889,urinary_calcium_excretion,0.0911379686197976,-0.09031944023445249,0.021418577497060352
xgboost,direction_and_reversal_fixed,2,889,parathyroid_suppression,0.0649078240787973,-0.09031944023445249,-0.008798219990251016
xgboost,direction_and_reversal_fixed,2,889,hypercalciuria_predisposition,0.04442000352667428,-0.09031944023445249,-0.011413753243296187
xgboost,direction_and_reversal_fixed,2,889,history_of_nephrolithiasis,0.17400921175599865,-0.09031944023445249,-0.004318889320731903
xgboost,direction_and_reversal_fixed,2,889,vitamin_d_inflight,0.06695627485897059,-0.09031944023445249,-0.013468812341359094
xgboost,direction_and_reversal_fixed,2,889,nutrients_risk,0.06264198391522359,-0.09031944023445249,0.00031877296958096916
xgboost,direction_and_reversal_fixed,2,889,urinary_oxalate_excretion,0.08169187354270285,-0.09031944023445249,-0.008627072577828628
xgboost,direction_and_reversal_fixed,2,889,bone_formation,0.0,-0.09031944023445249,0.0
xgboost,direction_and_reversal_fixed,2,889,bone_resorption,0.016281447078015647,-0.09031944023445249,-0.00402600876620805
xgboost,direction_and_reversal_fixed,2,889,hydration_fluid_intake,0.2067729611730392,-0.09031944023445249,-0.005960959160264714
xgboost,direction_and_reversal_fixed,2,889,urine_chemistry,0.19063677378437457,-0.09031944023445249,-0.05521798718073509
xgboost,legacy,2,437,duration,0.0006261892187620237,-0.08766210358589888,0.0003132186898195014
xgboost,legacy,2,437,sex,0.0,-0.08766210358589888,-0.0
xgboost,legacy,2,437,urinary_calcium_excretion,0.09787644018628514,-0.08766210358589888,-0.08536493309514345
xgboost,legacy,2,437,parathyroid_suppression,0.0,-0.08766210358589888,0.0
xgboost,legacy,2,437,hypercalciuria_predisposition,0.0,-0.08766210358589888,0.0
xgboost,legacy,2,437,history_of_nephrolithiasis,0.20041781941724301,-0.08766210358589888,-0.05469005954366983
xgboost,legacy,2,437,vitamin_d_inflight,0.07711793225265186,-0.08766210358589888,-0.005708570681929958
xgboost,legacy,2,437,nutrients_risk,0.07214888047342888,-0.08766210358589888,-0.03288163766069472
xgboost,legacy,2,437,urinary_oxalate_excretion,0.09408988750834485,-0.08766210358589888,0.036510279905322976
xgboost,legacy,2,437,bone_formation,0.0,-0.08766210358589888,-0.0
xgboost,legacy,2,437,bone_resorption,0.0,-0.08766210358589888,0.0
xgboost,legacy,2,437,hydration_fluid_intake,0.23815397802535107,-0.08766210358589888,0.03799758385592057
xgboost,legacy,2,437,urine_chemistry,0.21956887291793314,-0.08766210358589888,0.01616201494447604
xgboost,direction_fixed_stale_reversal,2,437,duration,0.0005459168462758089,-0.08766210358589888,0.000870183131678608
xgboost,direction_fixed_stale_reversal,2,437,sex,0.0,-0.08766210358589888,-0.0
xgboost,direction_fixed_stale_reversal,2,437,urinary_calcium_excretion,0.09151332761897414,-0.08766210358589888,-0.25434767248637635
xgboost,direction_fixed_stale_reversal,2,437,parathyroid_suppression,0.06517515213376618,-0.08766210358589888,0.05757400951374866
xgboost,direction_fixed_stale_reversal,2,437,hypercalciuria_predisposition,0.04460295085718532,-0.08766210358589888,0.09474956901096923
xgboost,direction_fixed_stale_reversal,2,437,history_of_nephrolithiasis,0.17472588258552646,-0.08766210358589888,-0.15193974316419326
xgboost,direction_fixed_stale_reversal,2,437,vitamin_d_inflight,0.06723203962200254,-0.08766210358589888,-0.01585953225292246
xgboost,direction_fixed_stale_reversal,2,437,nutrients_risk,0.05878140009800595,-0.08766210358589888,-0.08537011184668618
xgboost,direction_fixed_stale_reversal,2,437,urinary_oxalate_excretion,0.08202832804523588,-0.08766210358589888,0.10143273929402158
xgboost,direction_fixed_stale_reversal,2,437,bone_formation,0.0,-0.08766210358589888,-0.0
xgboost,direction_fixed_stale_reversal,2,437,bone_resorption,0.016348503517531483,-0.08766210358589888,0.014762436338215643
xgboost,direction_fixed_stale_reversal,2,437,hydration_fluid_intake,0.2076245721200251,-0.08766210358589888,0.10556476222737467
xgboost,direction_fixed_stale_reversal,2,437,urine_chemistry,0.19142192655547113,-0.08766210358589888,0.044901256648271014
xgboost,direction_and_reversal_fixed,2,437,duration,0.0005436776664056933,-0.08766210358589888,0.0008145996504136767
xgboost,direction_and_reversal_fixed,2,437,sex,0.0,-0.08766210358589888,-0.0
xgboost,direction_and_reversal_fixed,2,437,urinary_calcium_excretion,0.0911379686197976,-0.08766210358589888,-0.2381010589015397
xgboost,direction_and_reversal_fixed,2,437,parathyroid_suppression,0.0649078240787973,-0.08766210358589888,0.05389643434289787
xgboost,direction_and_reversal_fixed,2,437,hypercalciuria_predisposition,0.04442000352667428,-0.08766210358589888,0.08869738217551279
xgboost,direction_and_reversal_fixed,2,437,history_of_nephrolithiasis,0.17400921175599865,-0.08766210358589888,-0.1422344988769659
xgboost,direction_and_reversal_fixed,2,437,vitamin_d_inflight,0.06695627485897059,-0.08766210358589888,-0.014846494902783995
xgboost,direction_and_reversal_fixed,2,437,nutrients_risk,0.06264198391522359,-0.08766210358589888,-0.08551651422482714
xgboost,direction_and_reversal_fixed,2,437,urinary_oxalate_excretion,0.08169187354270285,-0.08766210358589888,0.0949536608575963
xgboost,direction_and_reversal_fixed,2,437,bone_formation,0.0,-0.08766210358589888,-0.0
xgboost,direction_and_reversal_fixed,2,437,bone_resorption,0.016281447078015647,-0.08766210358589888,0.01381947666253555
xgboost,direction_and_reversal_fixed,2,437,hydration_fluid_intake,0.2067729611730392,-0.08766210358589888,0.09882174829169503
xgboost,direction_and_reversal_fixed,2,437,urine_chemistry,0.19063677378437457,-0.08766210358589888,0.04203316133956671
xgboost,legacy,2,65,duration,0.0006261892187620237,-0.09081823390442878,-0.0001044487041249328
xgboost,legacy,2,65,sex,0.0,-0.09081823390442878,-0.0
xgboost,legacy,2,65,urinary_calcium_excretion,0.09787644018628514,-0.09081823390442878,-0.015554625123398298
xgboost,legacy,2,65,parathyroid_suppression,0.0,-0.09081823390442878,-0.0
xgboost,legacy,2,65,hypercalciuria_predisposition,0.0,-0.09081823390442878,-0.0
xgboost,legacy,2,65,history_of_nephrolithiasis,0.20041781941724301,-0.09081823390442878,-0.010006582374881666
xgboost,legacy,2,65,vitamin_d_inflight,0.07711793225265186,-0.09081823390442878,-0.003320317790917763
xgboost,legacy,2,65,nutrients_risk,0.07214888047342888,-0.09081823390442878,-0.005343419255695539
xgboost,legacy,2,65,urinary_oxalate_excretion,0.09408988750834485,-0.09081823390442878,-0.0011473887071825777
xgboost,legacy,2,65,bone_formation,0.0,-0.09081823390442878,0.0
xgboost,legacy,2,65,bone_resorption,0.0,-0.09081823390442878,-0.0
xgboost,legacy,2,65,hydration_fluid_intake,0.23815397802535107,-0.09081823390442878,-0.02183685925251827
xgboost,legacy,2,65,urine_chemistry,0.21956887291793314,-0.09081823390442878,-0.03350459269570973
xgboost,direction_fixed_stale_reversal,2,65,duration,0.0005459168462758089,-0.09081823390442878,-8.973492032543228e-05
xgboost,direction_fixed_stale_reversal,2,65,sex,0.0,-0.09081823390442878,-0.0
xgboost,direction_fixed_stale_reversal,2,65,urinary_calcium_excretion,0.09151332761897414,-0.09081823390442878,-0.014331882731788327
xgboost,direction_fixed_stale_reversal,2,65,parathyroid_suppression,0.06517515213376618,-0.09081823390442878,-0.005920788730945051
xgboost,direction_fixed_stale_reversal,2,65,hypercalciuria_predisposition,0.04460295085718532,-0.09081823390442878,-0.003865049563469756
xgboost,direction_fixed_stale_reversal,2,65,history_of_nephrolithiasis,0.17472588258552646,-0.09081823390442878,-0.008596946028797453
xgboost,direction_fixed_stale_reversal,2,65,vitamin_d_inflight,0.06723203962200254,-0.09081823390442878,-0.0028525816085448004
xgboost,direction_fixed_stale_reversal,2,65,nutrients_risk,0.05878140009800595,-0.09081823390442878,-0.004290096843227283
xgboost,direction_fixed_stale_reversal,2,65,urinary_oxalate_excretion,0.08202832804523588,-0.09081823390442878,-0.0009857550180629934
xgboost,direction_fixed_stale_reversal,2,65,bone_formation,0.0,-0.09081823390442878,0.0
xgboost,direction_fixed_stale_reversal,2,65,bone_resorption,0.016348503517531483,-0.09081823390442878,-0.0023399471023222433
xgboost,direction_fixed_stale_reversal,2,65,hydration_fluid_intake,0.2076245721200251,-0.09081823390442878,-0.018760681059657586
xgboost,direction_fixed_stale_reversal,2,65,urine_chemistry,0.19142192655547113,-0.09081823390442878,-0.028784770297287862
xgboost,direction_and_reversal_fixed,2,65,duration,0.0005436776664056933,-0.09081823390442878,-8.94388955683409e-05
xgboost,direction_and_reversal_fixed,2,65,sex,0.0,-0.09081823390442878,-0.0
xgboost,direction_and_reversal_fixed,2,65,urinary_calcium_excretion,0.0911379686197976,-0.09081823390442878,-0.014284603566788194
xgboost,direction_and_reversal_fixed,2,65,parathyroid_suppression,0.0649078240787973,-0.09081823390442878,-0.005901256757890289
xgboost,direction_and_reversal_fixed,2,65,hypercalciuria_predisposition,0.04442000352667428,-0.09081823390442878,-0.0038522992277696413
xgboost,direction_and_reversal_fixed,2,65,history_of_nephrolithiasis,0.17400921175599865,-0.09081823390442878,-0.008568585733266201
xgboost,direction_and_reversal_fixed,2,65,vitamin_d_inflight,0.06695627485897059,-0.09081823390442878,-0.002843171283392782
xgboost,direction_and_reversal_fixed,2,65,nutrients_risk,0.06264198391522359,-0.09081823390442878,-0.004575542806317442
xgboost,direction_and_reversal_fixed,2,65,urinary_oxalate_excretion,0.08169187354270285,-0.09081823390442878,-0.0009825031302949378
xgboost,direction_and_reversal_fixed,2,65,bone_formation,0.0,-0.09081823390442878,0.0
xgboost,direction_and_reversal_fixed,2,65,bone_resorption,0.016281447078015647,-0.09081823390442878,-0.0023322278970222383
xgboost,direction_and_reversal_fixed,2,65,hydration_fluid_intake,0.2067729611730392,-0.09081823390442878,-0.01869879181928814
xgboost,direction_and_reversal_fixed,2,65,urine_chemistry,0.19063677378437457,-0.09081823390442878,-0.028689812786830575
xgboost,legacy,2,48,duration,0.0006261892187620237,-0.07600745651870966,-0.00036941028517944774
xgboost,legacy,2,48,sex,0.0,-0.07600745651870966,-0.0
xgboost,legacy,2,48,urinary_calcium_excretion,0.09787644018628514,-0.07600745651870966,-0.012513286840692165
xgboost,legacy,2,48,parathyroid_suppression,0.0,-0.07600745651870966,-0.0
xgboost,legacy,2,48,hypercalciuria_predisposition,0.0,-0.07600745651870966,0.0
xgboost,legacy,2,48,history_of_nephrolithiasis,0.20041781941724301,-0.07600745651870966,-0.01893676491457288
xgboost,legacy,2,48,vitamin_d_inflight,0.07711793225265186,-0.07600745651870966,-0.008877151186117583
xgboost,legacy,2,48,nutrients_risk,0.07214888047342888,-0.07600745651870966,-0.007267794961065816
xgboost,legacy,2,48,urinary_oxalate_excretion,0.09408988750834485,-0.07600745651870966,-0.010729160360303282
xgboost,legacy,2,48,bone_formation,0.0,-0.07600745651870966,0.0
xgboost,legacy,2,48,bone_resorption,0.0,-0.07600745651870966,0.0
xgboost,legacy,2,48,hydration_fluid_intake,0.23815397802535107,-0.07600745651870966,0.031188002346233323
xgboost,legacy,2,48,urine_chemistry,0.21956887291793314,-0.07600745651870966,-0.04850189031701181
xgboost,direction_fixed_stale_reversal,2,48,duration,0.0005459168462758089,-0.07600745651870966,-0.00038036088205337484
xgboost,direction_fixed_stale_reversal,2,48,sex,0.0,-0.07600745651870966,-0.0
xgboost,direction_fixed_stale_reversal,2,48,urinary_calcium_excretion,0.09151332761897414,-0.07600745651870966,-0.013817947383324165
xgboost,direction_fixed_stale_reversal,2,48,parathyroid_suppression,0.06517515213376618,-0.07600745651870966,-0.01633445033659964
xgboost,direction_fixed_stale_reversal,2,48,hypercalciuria_predisposition,0.04460295085718532,-0.07600745651870966,0.01714751022835783
xgboost,direction_fixed_stale_reversal,2,48,history_of_nephrolithiasis,0.17472588258552646,-0.07600745651870966,-0.019498116038229554
xgboost,direction_fixed_stale_reversal,2,48,vitamin_d_inflight,0.06723203962200254,-0.07600745651870966,-0.009140300610830694
xgboost,direction_fixed_stale_reversal,2,48,nutrients_risk,0.05878140009800595,-0.07600745651870966,-0.0069932483048787755
xgboost,direction_fixed_stale_reversal,2,48,urinary_oxalate_excretion,0.08202832804523588,-0.07600745651870966,-0.011047209734170409
xgboost,direction_fixed_stale_reversal,2,48,bone_formation,0.0,-0.07600745651870966,0.0
xgboost,direction_fixed_stale_reversal,2,48,bone_resorption,0.016348503517531483,-0.07600745651870966,0.0018837979590802289
xgboost,direction_fixed_stale_reversal,2,48,hydration_fluid_intake,0.2076245721200251,-0.07600745651870966,0.032112522465728086
xgboost,direction_fixed_stale_reversal,2,48,urine_chemistry,0.19142192655547113,-0.07600745651870966,-0.049939653881789184
xgboost,direction_and_reversal_fixed,2,48,duration,0.0005436776664056933,-0.07600745651870966,-0.00037792455592748587
xgboost,direction_and_reversal_fixed,2,48,sex,0.0,-0.07600745651870966,-0.0
xgboost,direction_and_reversal_fixed,2,48,urinary_calcium_excretion,0.0911379686197976,-0.07600745651870966,-0.013729439264312526
xgboost,direction_and_reversal_fixed,2,48,parathyroid_suppression,0.0649078240787973,-0.07600745651870966,-0.01622982325746297
xgboost,direction_and_reversal_fixed,2,48,hypercalciuria_predisposition,0.04442000352667428,-0.07600745651870966,0.017037675255482162
xgboost,direction_and_reversal_fixed,2,48,history_of_nephrolithiasis,0.17400921175599865,-0.07600745651870966,-0.019373224726449267
xgboost,direction_and_reversal_fixed,2,48,vitamin_d_inflight,0.06695627485897059,-0.07600745651870966,-0.009081754229677016
xgboost,direction_and_reversal_fixed,2,48,nutrients_risk,0.06264198391522359,-0.07600745651870966,-0.007435305115824184
xgboost,direction_and_reversal_fixed,2,48,urinary_oxalate_excretion,0.08169187354270285,-0.07600745651870966,-0.010976449025161018
xgboost,direction_and_reversal_fixed,2,48,bone_formation,0.0,-0.07600745651870966,0.0
xgboost,direction_and_reversal_fixed,2,48,bone_resorption,0.016281447078015647,-0.07600745651870966,0.0018717316651994625
xgboost,direction_and_reversal_fixed,2,48,hydration_fluid_intake,0.2067729611730392,-0.07600745651870966,0.03190683207761801
xgboost,direction_and_reversal_fixed,2,48,urine_chemistry,0.19063677378437457,-0.07600745651870966,-0.04961977534219483
xgboost,legacy,2,168,duration,0.0006261892187620237,0.8371900916099548,0.0076413288930843705
xgboost,legacy,2,168,sex,0.0,0.8371900916099548,0.0
xgboost,legacy,2,168,urinary_calcium_excretion,0.09787644018628514,0.8371900916099548,0.07693854531699716
xgboost,legacy,2,168,parathyroid_suppression,0.0,0.8371900916099548,0.0
xgboost,legacy,2,168,hypercalciuria_predisposition,0.0,0.8371900916099548,0.0
xgboost,legacy,2,168,history_of_nephrolithiasis,0.20041781941724301,0.8371900916099548,0.04180132388518153
xgboost,legacy,2,168,vitamin_d_inflight,0.07711793225265186,0.8371900916099548,0.15082009590357884
xgboost,legacy,2,168,nutrients_risk,0.07214888047342888,0.8371900916099548,0.17332239074761735
xgboost,legacy,2,168,urinary_oxalate_excretion,0.09408988750834485,0.8371900916099548,0.14664367996323205
xgboost,legacy,2,168,bone_formation,0.0,0.8371900916099548,0.0
xgboost,legacy,2,168,bone_resorption,0.0,0.8371900916099548,0.0
xgboost,legacy,2,168,hydration_fluid_intake,0.23815397802535107,0.8371900916099548,0.2553957021080207
xgboost,legacy,2,168,urine_chemistry,0.21956887291793314,0.8371900916099548,-0.015372975207757161
xgboost,direction_fixed_stale_reversal,2,168,duration,0.0005459168462758089,0.8371900916099548,0.006385286407035134
xgboost,direction_fixed_stale_reversal,2,168,sex,0.0,0.8371900916099548,0.0
xgboost,direction_fixed_stale_reversal,2,168,urinary_calcium_excretion,0.09151332761897414,0.8371900916099548,0.06895102583138836
xgboost,direction_fixed_stale_reversal,2,168,parathyroid_suppression,0.06517515213376618,0.8371900916099548,0.028850651716210582
xgboost,direction_fixed_stale_reversal,2,168,hypercalciuria_predisposition,0.04460295085718532,0.8371900916099548,0.07895242692674949
xgboost,direction_fixed_stale_reversal,2,168,history_of_nephrolithiasis,0.17472588258552646,0.8371900916099548,0.03493023647257053
xgboost,direction_fixed_stale_reversal,2,168,vitamin_d_inflight,0.06723203962200254,0.8371900916099548,0.12602906140480716
xgboost,direction_fixed_stale_reversal,2,168,nutrients_risk,0.05878140009800595,0.8371900916099548,0.13534916458833085
xgboost,direction_fixed_stale_reversal,2,168,urinary_oxalate_excretion,0.08202832804523588,0.8371900916099548,0.12253914331501572
xgboost,direction_fixed_stale_reversal,2,168,bone_formation,0.0,0.8371900916099548,0.0
xgboost,direction_fixed_stale_reversal,2,168,bone_resorption,0.016348503517531483,0.8371900916099548,0.03463407391764102
xgboost,direction_fixed_stale_reversal,2,168,hydration_fluid_intake,0.2076245721200251,0.8371900916099548,0.21341506535092847
xgboost,direction_fixed_stale_reversal,2,168,urine_chemistry,0.19142192655547113,0.8371900916099548,-0.01284604432072259
xgboost,direction_and_reversal_fixed,2,168,duration,0.0005436776664056933,0.8371900916099548,0.00631376639627636
xgboost,direction_and_reversal_fixed,2,168,sex,0.0,0.8371900916099548,0.0
xgboost,direction_and_reversal_fixed,2,168,urinary_calcium_excretion,0.0911379686197976,0.8371900916099548,0.06817872247724965
xgboost,direction_and_reversal_fixed,2,168,parathyroid_suppression,0.0649078240787973,0.8371900916099548,0.02852750271558507
xgboost,direction_and_reversal_fixed,2,168,hypercalciuria_predisposition,0.04442000352667428,0.8371900916099548,0.07806810035730838
xgboost,direction_and_reversal_fixed,2,168,history_of_nephrolithiasis,0.17400921175599865,0.8371900916099548,0.03453899154962199
xgboost,direction_and_reversal_fixed,2,168,vitamin_d_inflight,0.06695627485897059,0.8371900916099548,0.12461744111825916
xgboost,direction_and_reversal_fixed,2,168,nutrients_risk,0.06264198391522359,0.8371900916099548,0.14321031089434935
xgboost,direction_and_reversal_fixed,2,168,urinary_oxalate_excretion,0.08169187354270285,0.8371900916099548,0.12116661273618297
xgboost,direction_and_reversal_fixed,2,168,bone_formation,0.0,0.8371900916099548,0.0
xgboost,direction_and_reversal_fixed,2,168,bone_resorption,0.016281447078015647,0.8371900916099548,0.0342461462380806
xgboost,direction_and_reversal_fixed,2,168,hydration_fluid_intake,0.2067729611730392,0.8371900916099548,0.21102465608860224
xgboost,direction_and_reversal_fixed,2,168,urine_chemistry,0.19063677378437457,0.8371900916099548,-0.012702158961561016
xgboost,legacy,2,935,duration,0.0006261892187620237,-0.09031954704551026,-5.3521469526286054e-05
xgboost,legacy,2,935,sex,0.0,-0.09031954704551026,-0.0
xgboost,legacy,2,935,urinary_calcium_excretion,0.09787644018628514,-0.09031954704551026,-0.006205639112085151
xgboost,legacy,2,935,parathyroid_suppression,0.0,-0.09031954704551026,0.0
xgboost,legacy,2,935,hypercalciuria_predisposition,0.0,-0.09031954704551026,-0.0
xgboost,legacy,2,935,history_of_nephrolithiasis,0.20041781941724301,-0.09031954704551026,-0.004893344108434993
xgboost,legacy,2,935,vitamin_d_inflight,0.07711793225265186,-0.09031954704551026,-0.005805266292284803
xgboost,legacy,2,935,nutrients_risk,0.07214888047342888,-0.09031954704551026,-0.006413526749224229
xgboost,legacy,2,935,urinary_oxalate_excretion,0.09408988750834485,-0.09031954704551026,0.03639288144034783
xgboost,legacy,2,935,bone_formation,0.0,-0.09031954704551026,-0.0
xgboost,legacy,2,935,bone_resorption,0.0,-0.09031954704551026,-0.0
xgboost,legacy,2,935,hydration_fluid_intake,0.23815397802535107,-0.09031954704551026,-0.04102569416222041
xgboost,legacy,2,935,urine_chemistry,0.21956887291793314,-0.09031954704551026,-0.062315436592082225
xgboost,direction_fixed_stale_reversal,2,935,duration,0.0005459168462758089,-0.09031954704551026,-5.07190079181304e-05
xgboost,direction_fixed_stale_reversal,2,935,sex,0.0,-0.09031954704551026,-0.0
xgboost,direction_fixed_stale_reversal,2,935,urinary_calcium_excretion,0.09151332761897414,-0.09031954704551026,-0.006306879134060241
xgboost,direction_fixed_stale_reversal,2,935,parathyroid_suppression,0.06517515213376618,-0.09031954704551026,0.005874219707346984
xgboost,direction_fixed_stale_reversal,2,935,hypercalciuria_predisposition,0.04460295085718532,-0.09031954704551026,-0.007855246615375762
xgboost,direction_fixed_stale_reversal,2,935,history_of_nephrolithiasis,0.17472588258552646,-0.09031954704551026,-0.004637121528585077
xgboost,direction_fixed_stale_reversal,2,935,vitamin_d_inflight,0.06723203962200254,-0.09031954704551026,-0.005501294147027131
xgboost,direction_fixed_stale_reversal,2,935,nutrients_risk,0.05878140009800595,-0.09031954704551026,-0.005679747780735514
xgboost,direction_fixed_stale_reversal,2,935,urinary_oxalate_excretion,0.08202832804523588,-0.09031954704551026,0.03448729749526118
xgboost,direction_fixed_stale_reversal,2,935,bone_formation,0.0,-0.09031954704551026,-0.0
xgboost,direction_fixed_stale_reversal,2,935,bone_resorption,0.016348503517531483,-0.09031954704551026,-0.00272001645615293
xgboost,direction_fixed_stale_reversal,2,935,hydration_fluid_intake,0.2076245721200251,-0.09031954704551026,-0.038877529437761724
xgboost,direction_fixed_stale_reversal,2,935,urine_chemistry,0.19142192655547113,-0.09031954704551026,-0.05905251014050192
xgboost,direction_and_reversal_fixed,2,935,duration,0.0005436776664056933,-0.09031954704551026,-5.049651496128666e-05
xgboost,direction_and_reversal_fixed,2,935,sex,0.0,-0.09031954704551026,-0.0
xgboost,direction_and_reversal_fixed,2,935,urinary_calcium_excretion,0.0911379686197976,-0.09031954704551026,-0.006279212264289084
xgboost,direction_and_reversal_fixed,2,935,parathyroid_suppression,0.0649078240787973,-0.09031954704551026,0.005848450817822427
xgboost,direction_and_reversal_fixed,2,935,hypercalciuria_predisposition,0.04442000352667428,-0.09031954704551026,-0.007820787403377515
xgboost,direction_and_reversal_fixed,2,935,history_of_nephrolithiasis,0.17400921175599865,-0.09031954704551026,-0.0046167795123965094
xgboost,direction_and_reversal_fixed,2,935,vitamin_d_inflight,0.06695627485897059,-0.09031954704551026,-0.005477161198622166
xgboost,direction_and_reversal_fixed,2,935,nutrients_risk,0.06264198391522359,-0.09031954704551026,-0.006051043671133795
xgboost,direction_and_reversal_fixed,2,935,urinary_oxalate_excretion,0.08169187354270285,-0.09031954704551026,0.034336009425793096
xgboost,direction_and_reversal_fixed,2,935,bone_formation,0.0,-0.09031954704551026,-0.0
xgboost,direction_and_reversal_fixed,2,935,bone_resorption,0.016281447078015647,-0.09031954704551026,-0.0027080843516257675
xgboost,direction_and_reversal_fixed,2,935,hydration_fluid_intake,0.2067729611730392,-0.09031954704551026,-0.0387069824015628
xgboost,direction_and_reversal_fixed,2,935,urine_chemistry,0.19063677378437457,-0.09031954704551026,-0.058793459971156856
random_forest,legacy,2,889,duration,0.0006261892187620237,-0.09551000000000001,-0.00017853503019266966
random_forest,legacy,2,889,sex,0.0,-0.09551000000000001,-0.0
random_forest,legacy,2,889,urinary_calcium_excretion,0.09787644018628514,-0.09551000000000001,0.031722651532058235
random_forest,legacy,2,889,parathyroid_suppression,0.0,-0.09551000000000001,-0.0
random_forest,legacy,2,889,hypercalciuria_predisposition,0.0,-0.09551000000000001,-0.0
random_forest,legacy,2,889,history_of_nephrolithiasis,0.20041781941724301,-0.09551000000000001,-0.023415763989657726
random_forest,legacy,2,889,vitamin_d_inflight,0.07711793225265186,-0.09551000000000001,-0.012115082530414868
random_forest,legacy,2,889,nutrients_risk,0.07214888047342888,-0.09551000000000001,-0.006375796845709838
random_forest,legacy,2,889,urinary_oxalate_excretion,0.09408988750834485,-0.09551000000000001,-0.014949842436140167
random_forest,legacy,2,889,bone_formation,0.0,-0.09551000000000001,-0.0
random_forest,legacy,2,889,bone_resorption,0.0,-0.09551000000000001,-0.0
random_forest,legacy,2,889,hydration_fluid_intake,0.23815397802535107,-0.09551000000000001,-0.022889349872575224
random_forest,legacy,2,889,urine_chemistry,0.21956887291793314,-0.09551000000000001,-0.04730828082736775
random_forest,direction_fixed_stale_reversal,2,889,duration,0.0005459168462758089,-0.09551000000000001,-0.0001391864992962751
random_forest,direction_fixed_stale_reversal,2,889,sex,0.0,-0.09551000000000001,-0.0
random_forest,direction_fixed_stale_reversal,2,889,urinary_calcium_excretion,0.09151332761897414,-0.09551000000000001,0.02652335285530666
random_forest,direction_fixed_stale_reversal,2,889,parathyroid_suppression,0.06517515213376618,-0.09551000000000001,-0.012981255437966403
random_forest,direction_fixed_stale_reversal,2,889,hypercalciuria_predisposition,0.04460295085718532,-0.09551000000000001,-0.008544949396279821
random_forest,direction_fixed_stale_reversal,2,889,history_of_nephrolithiasis,0.17472588258552646,-0.09551000000000001,-0.018255006956063767
random_forest,direction_fixed_stale_reversal,2,889,vitamin_d_inflight,0.06723203962200254,-0.09551000000000001,-0.0094449583606878
random_forest,direction_fixed_stale_reversal,2,889,nutrients_risk,0.05878140009800595,-0.09551000000000001,-0.0046451266599002875
random_forest,direction_fixed_stale_reversal,2,889,urinary_oxalate_excretion,0.08202832804523588,-0.09551000000000001,-0.011654946547306111
random_forest,direction_fixed_stale_reversal,2,889,bone_formation,0.0,-0.09551000000000001,-0.0
random_forest,direction_fixed_stale_reversal,2,889,bone_resorption,0.016348503517531483,-0.09551000000000001,-0.0016416182189978351
random_forest,direction_fixed_stale_reversal,2,889,hydration_fluid_intake,0.2076245721200251,-0.09551000000000001,-0.017844612771472756
random_forest,direction_fixed_stale_reversal,2,889,urine_chemistry,0.19142192655547113,-0.09551000000000001,-0.03688169200733562
random_forest,direction_and_reversal_fixed,2,889,duration,0.0005436776664056933,-0.09551000000000001,-0.0001387138097724599
random_forest,direction_and_reversal_fixed,2,889,sex,0.0,-0.09551000000000001,-0.0
random_forest,direction_and_reversal_fixed,2,889,urinary_calcium_excretion,0.0911379686197976,-0.09551000000000001,0.02643327722947695
random_forest,direction_and_reversal_fixed,2,889,parathyroid_suppression,0.0649078240787973,-0.09551000000000001,-0.012937169959256038
random_forest,direction_and_reversal_fixed,2,889,hypercalciuria_predisposition,0.04442000352667428,-0.09551000000000001,-0.008515930000853005
random_forest,direction_and_reversal_fixed,2,889,history_of_nephrolithiasis,0.17400921175599865,-0.09551000000000001,-0.018193011355995277
random_forest,direction_and_reversal_fixed,2,889,vitamin_d_inflight,0.06695627485897059,-0.09551000000000001,-0.009412882456109835
random_forest,direction_and_reversal_fixed,2,889,nutrients_risk,0.06264198391522359,-0.09551000000000001,-0.004953711716122121
random_forest,direction_and_reversal_fixed,2,889,urinary_oxalate_excretion,0.08169187354270285,-0.09551000000000001,-0.011615365329577436
random_forest,direction_and_reversal_fixed,2,889,bone_formation,0.0,-0.09551000000000001,-0.0
random_forest,direction_and_reversal_fixed,2,889,bone_resorption,0.016281447078015647,-0.09551000000000001,-0.0016360431399625277
random_forest,direction_and_reversal_fixed,2,889,hydration_fluid_intake,0.2067729611730392,-0.09551000000000001,-0.017784010905945124
random_forest,direction_and_reversal_fixed,2,889,urine_chemistry,0.19063677378437457,-0.09551000000000001,-0.036756438555883134
random_forest,legacy,2,437,duration,0.0006261892187620237,-0.05551000000000001,-7.712224146436684e-05
random_forest,legacy,2,437,sex,0.0,-0.05551000000000001,-0.0
random_forest,legacy,2,437,urinary_calcium_excretion,0.09787644018628514,-0.05551000000000001,-0.02355322200147254
random_forest,legacy,2,437,parathyroid_suppression,0.0,-0.05551000000000001,-0.0
random_forest,legacy,2,437,hypercalciuria_predisposition,0.0,-0.05551000000000001,0.0
random_forest,legacy,2,437,history_of_nephrolithiasis,0.20041781941724301,-0.05551000000000001,-0.05301000338210023
random_forest,legacy,2,437,vitamin_d_inflight,0.07711793225265186,-0.05551000000000001,0.0023395092826634066
random_forest,legacy,2,437,nutrients_risk,0.07214888047342888,-0.05551000000000001,-0.004309452732673928
random_forest,legacy,2,437,urinary_oxalate_excretion,0.09408988750834485,-0.05551000000000001,0.01148999462108066
random_forest,legacy,2,437,bone_formation,0.0,-0.05551000000000001,0.0
random_forest,legacy,2,437,bone_resorption,0.0,-0.05551000000000001,-0.0
random_forest,legacy,2,437,hydration_fluid_intake,0.23815397802535107,-0.05551000000000001,0.025303076380550925
random_forest,legacy,2,437,urine_chemistry,0.21956887291793314,-0.05551000000000001,-0.01369277992658393
random_forest,direction_fixed_stale_reversal,2,437,duration,0.0005459168462758089,-0.05551000000000001,-7.12522008056882e-05
random_forest,direction_fixed_stale_reversal,2,437,sex,0.0,-0.05551000000000001,-0.0
random_forest,direction_fixed_stale_reversal,2,437,urinary_calcium_excretion,0.09151332761897414,-0.05551000000000001,-0.02333749496098771
random_forest,direction_fixed_stale_reversal,2,437,parathyroid_suppression,0.06517515213376618,-0.05551000000000001,-0.00833233689053714
random_forest,direction_fixed_stale_reversal,2,437,hypercalciuria_predisposition,0.04460295085718532,-0.05551000000000001,0.006677870171888206
random_forest,direction_fixed_stale_reversal,2,437,history_of_nephrolithiasis,0.17472588258552646,-0.05551000000000001,-0.048975228597793775
random_forest,direction_fixed_stale_reversal,2,437,vitamin_d_inflight,0.06723203962200254,-0.05551000000000001,0.0021614411359156824
random_forest,direction_fixed_stale_reversal,2,437,nutrients_risk,0.05878140009800595,-0.05551000000000001,-0.00372074734745998
random_forest,direction_fixed_stale_reversal,2,437,urinary_oxalate_excretion,0.08202832804523588,-0.05551000000000001,0.010615451372426445
random_forest,direction_fixed_stale_reversal,2,437,bone_formation,0.0,-0.05551000000000001,0.0
random_forest,direction_fixed_stale_reversal,2,437,bone_resorption,0.016348503517531483,-0.05551000000000001,-0.0012542992991856267
random_forest,direction_fixed_stale_reversal,2,437,hydration_fluid_intake,0.2076245721200251,-0.05551000000000001,0.023377171682719872
random_forest,direction_fixed_stale_reversal,2,437,urine_chemistry,0.19142192655547113,-0.05551000000000001,-0.01265057506618029
random_forest,direction_and_reversal_fixed,2,437,duration,0.0005436776664056933,-0.05551000000000001,-7.091913507838961e-05
random_forest,direction_and_reversal_fixed,2,437,sex,0.0,-0.05551000000000001,-0.0
random_forest,direction_and_reversal_fixed,2,437,urinary_calcium_excretion,0.0911379686197976,-0.05551000000000001,-0.023228404720340882
random_forest,direction_and_reversal_fixed,2,437,parathyroid_suppression,0.0649078240787973,-0.05551000000000001,-0.008293387695773148
random_forest,direction_and_reversal_fixed,2,437,hypercalciuria_predisposition,0.04442000352667428,-0.05551000000000001,0.006646654719446658
random_forest,direction_and_reversal_fixed,2,437,history_of_nephrolithiasis,0.17400921175599865,-0.05551000000000001,-0.048746295737501874
random_forest,direction_and_reversal_fixed,2,437,vitamin_d_inflight,0.06695627485897059,-0.05551000000000001,0.002151337560786682
random_forest,direction_and_reversal_fixed,2,437,nutrients_risk,0.06264198391522359,-0.05551000000000001,-0.0039628342571402814
random_forest,direction_and_reversal_fixed,2,437,urinary_oxalate_excretion,0.08169187354270285,-0.05551000000000001,0.010565829845063351
random_forest,direction_and_reversal_fixed,2,437,bone_formation,0.0,-0.05551000000000001,0.0
random_forest,direction_and_reversal_fixed,2,437,bone_resorption,0.016281447078015647,-0.05551000000000001,-0.0012484361243838735
random_forest,direction_and_reversal_fixed,2,437,hydration_fluid_intake,0.2067729611730392,-0.05551000000000001,0.023267895974732652
random_forest,direction_and_reversal_fixed,2,437,urine_chemistry,0.19063677378437457,-0.05551000000000001,-0.012591440429810903
random_forest,legacy,2,65,duration,0.0006261892187620237,-0.08551000000000002,-0.00011779368470532747
random_forest,legacy,2,65,sex,0.0,-0.08551000000000002,-0.0
random_forest,legacy,2,65,urinary_calcium_excretion,0.09787644018628514,-0.08551000000000002,-0.01638304761998216
random_forest,legacy,2,65,parathyroid_suppression,0.0,-0.08551000000000002,-0.0
random_forest,legacy,2,65,hypercalciuria_predisposition,0.0,-0.08551000000000002,0.0
random_forest,legacy,2,65,history_of_nephrolithiasis,0.20041781941724301,-0.08551000000000002,-0.021333716087241765
random_forest,legacy,2,65,vitamin_d_inflight,0.07711793225265186,-0.08551000000000002,0.019495697384284624
random_forest,legacy,2,65,nutrients_risk,0.07214888047342888,-0.08551000000000002,0.018078760610501746
random_forest,legacy,2,65,urinary_oxalate_excretion,0.09408988750834485,-0.08551000000000002,0.016186038706807123
random_forest,legacy,2,65,bone_formation,0.0,-0.08551000000000002,-0.0
random_forest,legacy,2,65,bone_resorption,0.0,-0.08551000000000002,-0.0
random_forest,legacy,2,65,hydration_fluid_intake,0.23815397802535107,-0.08551000000000002,-0.051401954892380586
random_forest,legacy,2,65,urine_chemistry,0.21956887291793314,-0.08551000000000002,-0.05003398441728368
random_forest,direction_fixed_stale_reversal,2,65,duration,0.0005459168462758089,-0.08551000000000002,-0.00010828321101080534
random_forest,direction_fixed_stale_reversal,2,65,sex,0.0,-0.08551000000000002,-0.0
random_forest,direction_fixed_stale_reversal,2,65,urinary_calcium_excretion,0.09151332761897414,-0.08551000000000002,-0.01615173140843247
random_forest,direction_fixed_stale_reversal,2,65,parathyroid_suppression,0.06517515213376618,-0.08551000000000002,-0.011922485683920672
random_forest,direction_fixed_stale_reversal,2,65,hypercalciuria_predisposition,0.04460295085718532,-0.08551000000000002,0.007359805115098517
random_forest,direction_fixed_stale_reversal,2,65,history_of_nephrolithiasis,0.17472588258552646,-0.08551000000000002,-0.019611265973199787
random_forest,direction_fixed_stale_reversal,2,65,vitamin_d_inflight,0.06723203962200254,-0.08551000000000002,0.017921645960446136
random_forest,direction_fixed_stale_reversal,2,65,nutrients_risk,0.05878140009800595,-0.08551000000000002,0.015530920336793671
random_forest,direction_fixed_stale_reversal,2,65,urinary_oxalate_excretion,0.08202832804523588,-0.08551000000000002,0.014879203830856905
random_forest,direction_fixed_stale_reversal,2,65,bone_formation,0.0,-0.08551000000000002,-0.0
random_forest,direction_fixed_stale_reversal,2,65,bone_resorption,0.016348503517531483,-0.08551000000000002,-0.0001616451521222177
random_forest,direction_fixed_stale_reversal,2,65,hydration_fluid_intake,0.2076245721200251,-0.08551000000000002,-0.047251843270743804
random_forest,direction_fixed_stale_reversal,2,65,urine_chemistry,0.19142192655547113,-0.08551000000000002,-0.045994320543765475
random_forest,direction_and_reversal_fixed,2,65,duration,0.0005436776664056933,-0.08551000000000002,-0.00010967897253048388
random_forest,direction_and_reversal_fixed,2,65,sex,0.0,-0.08551000000000002,-0.0
random_forest,direction_and_reversal_fixed,2,65,urinary_calcium_excretion,0.0911379686197976,-0.08551000000000002,-0.01635992587335117
random_forest,direction_and_reversal_fixed,2,65,parathyroid_suppression,0.0649078240787973,-0.08551000000000002,-0.012076165525709573
random_forest,direction_and_reversal_fixed,2,65,hypercalciuria_predisposition,0.04442000352667428,-0.08551000000000002,0.007454672386544342
random_forest,direction_and_reversal_fixed,2,65,history_of_nephrolithiasis,0.17400921175599865,-0.08551000000000002,-0.019864053548873373
random_forest,direction_and_reversal_fixed,2,65,vitamin_d_inflight,0.06695627485897059,-0.08551000000000002,0.01815265447568491
random_forest,direction_and_reversal_fixed,2,65,nutrients_risk,0.06264198391522359,-0.08551000000000002,0.01683332933632847
random_forest,direction_and_reversal_fixed,2,65,urinary_oxalate_excretion,0.08169187354270285,-0.08551000000000002,0.015070995521892843
random_forest,direction_and_reversal_fixed,2,65,bone_formation,0.0,-0.08551000000000002,-0.0
random_forest,direction_and_reversal_fixed,2,65,bone_resorption,0.016281447078015647,-0.08551000000000002,-0.0001637287445930049
random_forest,direction_and_reversal_fixed,2,65,hydration_fluid_intake,0.2067729611730392,-0.08551000000000002,-0.04786091557249337
random_forest,direction_and_reversal_fixed,2,65,urine_chemistry,0.19063677378437457,-0.08551000000000002,-0.046587183482899606
random_forest,legacy,2,48,duration,0.0006261892187620237,-0.035510000000000014,-8.797741967506057e-05
random_forest,legacy,2,48,sex,0.0,-0.035510000000000014,-0.0
random_forest,legacy,2,48,urinary_calcium_excretion,0.09787644018628514,-0.035510000000000014,-0.0026211353030275316
random_forest,legacy,2,48,parathyroid_suppression,0.0,-0.035510000000000014,-0.0
random_forest,legacy,2,48,hypercalciuria_predisposition,0.0,-0.035510000000000014,0.0
random_forest,legacy,2,48,history_of_nephrolithiasis,0.20041781941724301,-0.035510000000000014,-0.0017705425728570322
random_forest,legacy,2,48,vitamin_d_inflight,0.07711793225265186,-0.035510000000000014,0.0004174367741606715
random_forest,legacy,2,48,nutrients_risk,0.07214888047342888,-0.035510000000000014,-0.002722651361461164
random_forest,legacy,2,48,urinary_oxalate_excretion,0.09408988750834485,-0.035510000000000014,-0.008776887357153741
random_forest,legacy,2,48,bone_formation,0.0,-0.035510000000000014,-0.0
random_forest,legacy,2,48,bone_resorption,0.0,-0.035510000000000014,-0.0
random_forest,legacy,2,48,hydration_fluid_intake,0.23815397802535107,-0.035510000000000014,0.015350614368297875
random_forest,legacy,2,48,urine_chemistry,0.21956887291793314,-0.035510000000000014,-0.03529885712828403
random_forest,direction_fixed_stale_reversal,2,48,duration,0.0005459168462758089,-0.035510000000000014,-9.434210856990158e-05
random_forest,direction_fixed_stale_reversal,2,48,sex,0.0,-0.035510000000000014,-0.0
random_forest,direction_fixed_stale_reversal,2,48,urinary_calcium_excretion,0.09151332761897414,-0.035510000000000014,-0.0030144568386273685
random_forest,direction_fixed_stale_reversal,2,48,parathyroid_suppression,0.06517515213376618,-0.035510000000000014,-0.0018503689497758632
random_forest,direction_fixed_stale_reversal,2,48,hypercalciuria_predisposition,0.04460295085718532,-0.035510000000000014,0.004506600666052816
random_forest,direction_fixed_stale_reversal,2,48,history_of_nephrolithiasis,0.17472588258552646,-0.035510000000000014,-0.0018986317199691841
random_forest,direction_fixed_stale_reversal,2,48,vitamin_d_inflight,0.06723203962200254,-0.035510000000000014,0.0004476360595069753
random_forest,direction_fixed_stale_reversal,2,48,nutrients_risk,0.05878140009800595,-0.035510000000000014,-0.0027284488137221305
random_forest,direction_fixed_stale_reversal,2,48,urinary_oxalate_excretion,0.08202832804523588,-0.035510000000000014,-0.009411847528748574
random_forest,direction_fixed_stale_reversal,2,48,bone_formation,0.0,-0.035510000000000014,-0.0
random_forest,direction_fixed_stale_reversal,2,48,bone_resorption,0.016348503517531483,-0.035510000000000014,-7.475089369686296e-05
random_forest,direction_fixed_stale_reversal,2,48,hydration_fluid_intake,0.2076245721200251,-0.035510000000000014,0.01646114801613329
random_forest,direction_fixed_stale_reversal,2,48,urine_chemistry,0.19142192655547113,-0.035510000000000014,-0.03785253788858322
random_forest,direction_and_reversal_fixed,2,48,duration,0.0005436776664056933,-0.035510000000000014,-9.383692818114895e-05
random_forest,direction_and_reversal_fixed,2,48,sex,0.0,-0.035510000000000014,-0.0
random_forest,direction_and_reversal_fixed,2,48,urinary_calcium_excretion,0.0911379686197976,-0.035510000000000014,-0.0029983151125126993
random_forest,direction_and_reversal_fixed,2,48,parathyroid_suppression,0.0649078240787973,-0.035510000000000014,-0.0018404606477508882
random_forest,direction_and_reversal_fixed,2,48,hypercalciuria_predisposition,0.04442000352667428,-0.035510000000000014,0.004482468851416274
random_forest,direction_and_reversal_fixed,2,48,history_of_nephrolithiasis,0.17400921175599865,-0.035510000000000014,-0.001888464981861127
random_forest,direction_and_reversal_fixed,2,48,vitamin_d_inflight,0.06695627485897059,-0.035510000000000014,0.00044523907090888965
random_forest,direction_and_reversal_fixed,2,48,nutrients_risk,0.06264198391522359,-0.035510000000000014,-0.002903986513941401
random_forest,direction_and_reversal_fixed,2,48,urinary_oxalate_excretion,0.08169187354270285,-0.035510000000000014,-0.009361449240375247
random_forest,direction_and_reversal_fixed,2,48,bone_formation,0.0,-0.035510000000000014,-0.0
random_forest,direction_and_reversal_fixed,2,48,bone_resorption,0.016281447078015647,-0.035510000000000014,-7.435061977772104e-05
random_forest,direction_and_reversal_fixed,2,48,hydration_fluid_intake,0.2067729611730392,-0.035510000000000014,0.016373002337812536
random_forest,direction_and_reversal_fixed,2,48,urine_chemistry,0.19063677378437457,-0.035510000000000014,-0.03764984621573748
random_forest,legacy,2,168,duration,0.0006261892187620237,0.53449,0.0020031923086450435
random_forest,legacy,2,168,sex,0.0,0.53449,0.0
random_forest,legacy,2,168,urinary_calcium_excretion,0.09787644018628514,0.53449,0.04561098703565899
random_forest,legacy,2,168,parathyroid_suppression,0.0,0.53449,0.0
random_forest,legacy,2,168,hypercalciuria_predisposition,0.0,0.53449,0.0
random_forest,legacy,2,168,history_of_nephrolithiasis,0.20041781941724301,0.53449,-0.09802152639871321
random_forest,legacy,2,168,vitamin_d_inflight,0.07711793225265186,0.53449,0.0882138656626368
random_forest,legacy,2,168,nutrients_risk,0.07214888047342888,0.53449,0.11896190723349587
random_forest,legacy,2,168,urinary_oxalate_excretion,0.09408988750834485,0.53449,0.18366118876067747
random_forest,legacy,2,168,bone_formation,0.0,0.53449,0.0
random_forest,legacy,2,168,bone_resorption,0.0,0.53449,0.0
random_forest,legacy,2,168,hydration_fluid_intake,0.23815397802535107,0.53449,0.05230067442508557
random_forest,legacy,2,168,urine_chemistry,0.21956887291793314,0.53449,0.14175971097251353
random_forest,direction_fixed_stale_reversal,2,168,duration,0.0005459168462758089,0.53449,0.0014389636307171197
random_forest,direction_fixed_stale_reversal,2,168,sex,0.0,0.53449,0.0
random_forest,direction_fixed_stale_reversal,2,168,urinary_calcium_excretion,0.09151332761897414,0.53449,0.03513839461459568
random_forest,direction_fixed_stale_reversal,2,168,parathyroid_suppression,0.06517515213376618,0.53449,0.05589155765337742
random_forest,direction_fixed_stale_reversal,2,168,hypercalciuria_predisposition,0.04460295085718532,0.53449,0.055017001814058684
random_forest,direction_fixed_stale_reversal,2,168,history_of_nephrolithiasis,0.17472588258552646,0.53449,-0.07041231683369034
random_forest,direction_fixed_stale_reversal,2,168,vitamin_d_inflight,0.06723203962200254,0.53449,0.06336712849070383
random_forest,direction_fixed_stale_reversal,2,168,nutrients_risk,0.05878140009800595,0.53449,0.07985911831698014
random_forest,direction_fixed_stale_reversal,2,168,urinary_oxalate_excretion,0.08202832804523588,0.53449,0.13193030437484385
random_forest,direction_fixed_stale_reversal,2,168,bone_formation,0.0,0.53449,0.0
random_forest,direction_fixed_stale_reversal,2,168,bone_resorption,0.016348503517531483,0.53449,0.04285943413641856
random_forest,direction_fixed_stale_reversal,2,168,hydration_fluid_intake,0.2076245721200251,0.53449,0.03756941759155419
random_forest,direction_fixed_stale_reversal,2,168,urine_chemistry,0.19142192655547113,0.53449,0.10183099621044082
random_forest,direction_and_reversal_fixed,2,168,duration,0.0005436776664056933,0.53449,0.0014240556286774812
random_forest,direction_and_reversal_fixed,2,168,sex,0.0,0.53449,0.0
random_forest,direction_and_reversal_fixed,2,168,urinary_calcium_excretion,0.0911379686197976,0.53449,0.03477435257253034
random_forest,direction_and_reversal_fixed,2,168,parathyroid_suppression,0.0649078240787973,0.53449,0.055312507955589105
random_forest,direction_and_reversal_fixed,2,168,hypercalciuria_predisposition,0.04442000352667428,0.53449,0.0544470127206929
random_forest,direction_and_reversal_fixed,2,168,history_of_nephrolithiasis,0.17400921175599865,0.53449,-0.06968282865166506
random_forest,direction_and_reversal_fixed,2,168,vitamin_d_inflight,0.06695627485897059,0.53449,0.06271063011880637
random_forest,direction_and_reversal_fixed,2,168,nutrients_risk,0.06264198391522359,0.53449,0.08456920130082557
random_forest,direction_and_reversal_fixed,2,168,urinary_oxalate_excretion,0.08169187354270285,0.53449,0.13056347535656623
random_forest,direction_and_reversal_fixed,2,168,bone_formation,0.0,0.53449,0.0
random_forest,direction_and_reversal_fixed,2,168,bone_resorption,0.016281447078015647,0.53449,0.042415400306873435
random_forest,direction_and_reversal_fixed,2,168,hydration_fluid_intake,0.2067729611730392,0.53449,0.037180189579027016
random_forest,direction_and_reversal_fixed,2,168,urine_chemistry,0.19063677378437457,0.53449,0.1007760031120766
random_forest,legacy,2,935,duration,0.0006261892187620237,-0.05551000000000001,-4.454955870099261e-05
random_forest,legacy,2,935,sex,0.0,-0.05551000000000001,-0.0
random_forest,legacy,2,935,urinary_calcium_excretion,0.09787644018628514,-0.05551000000000001,-0.014681756934508374
random_forest,legacy,2,935,parathyroid_suppression,0.0,-0.05551000000000001,-0.0
random_forest,legacy,2,935,hypercalciuria_predisposition,0.0,-0.05551000000000001,-0.0
random_forest,legacy,2,935,history_of_nephrolithiasis,0.20041781941724301,-0.05551000000000001,-0.010673156059872001
random_forest,legacy,2,935,vitamin_d_inflight,0.07711793225265186,-0.05551000000000001,-0.004771011392795432
random_forest,legacy,2,935,nutrients_risk,0.07214888047342888,-0.05551000000000001,0.003848302372898807
random_forest,legacy,2,935,urinary_oxalate_excretion,0.09408988750834485,-0.05551000000000001,0.022143641939227257
random_forest,legacy,2,935,bone_formation,0.0,-0.05551000000000001,-0.0
random_forest,legacy,2,935,bone_resorption,0.0,-0.05551000000000001,-0.0
random_forest,legacy,2,935,hydration_fluid_intake,0.23815397802535107,-0.05551000000000001,-0.02996882757602097
random_forest,legacy,2,935,urine_chemistry,0.21956887291793314,-0.05551000000000001,-0.021362642790228308
random_forest,direction_fixed_stale_reversal,2,935,duration,0.0005459168462758089,-0.05551000000000001,-3.748471561244288e-05
random_forest,direction_fixed_stale_reversal,2,935,sex,0.0,-0.05551000000000001,-0.0
random_forest,direction_fixed_stale_reversal,2,935,urinary_calcium_excretion,0.09151332761897414,-0.05551000000000001,-0.013248725910406463
random_forest,direction_fixed_stale_reversal,2,935,parathyroid_suppression,0.06517515213376618,-0.05551000000000001,-0.0014887723656269104
random_forest,direction_fixed_stale_reversal,2,935,hypercalciuria_predisposition,0.04460295085718532,-0.05551000000000001,-0.005693543670786265
random_forest,direction_fixed_stale_reversal,2,935,history_of_nephrolithiasis,0.17472588258552646,-0.05551000000000001,-0.008980565268374008
random_forest,direction_fixed_stale_reversal,2,935,vitamin_d_inflight,0.06723203962200254,-0.05551000000000001,-0.004014405764218648
random_forest,direction_fixed_stale_reversal,2,935,nutrients_risk,0.05878140009800595,-0.05551000000000001,0.0030260034710300502
random_forest,direction_fixed_stale_reversal,2,935,urinary_oxalate_excretion,0.08202832804523588,-0.05551000000000001,0.018632016678028343
random_forest,direction_fixed_stale_reversal,2,935,bone_formation,0.0,-0.05551000000000001,-0.0
random_forest,direction_fixed_stale_reversal,2,935,bone_resorption,0.016348503517531483,-0.05551000000000001,-0.0005133972273651145
random_forest,direction_fixed_stale_reversal,2,935,hydration_fluid_intake,0.2076245721200251,-0.05551000000000001,-0.025216253800970916
random_forest,direction_fixed_stale_reversal,2,935,urine_chemistry,0.19142192655547113,-0.05551000000000001,-0.017974871425697633
random_forest,direction_and_reversal_fixed,2,935,duration,0.0005436776664056933,-0.05551000000000001,-3.762843717742703e-05
random_forest,direction_and_reversal_fixed,2,935,sex,0.0,-0.05551000000000001,-0.0
random_forest,direction_and_reversal_fixed,2,935,urinary_calcium_excretion,0.0911379686197976,-0.05551000000000001,-0.013299523351197442
random_forest,direction_and_reversal_fixed,2,935,parathyroid_suppression,0.0649078240787973,-0.05551000000000001,-0.0014944805240268643
random_forest,direction_and_reversal_fixed,2,935,hypercalciuria_predisposition,0.04442000352667428,-0.05551000000000001,-0.005715373501780085
random_forest,direction_and_reversal_fixed,2,935,history_of_nephrolithiasis,0.17400921175599865,-0.05551000000000001,-0.009014997993118612
random_forest,direction_and_reversal_fixed,2,935,vitamin_d_inflight,0.06695627485897059,-0.05551000000000001,-0.00402979754909652
random_forest,direction_and_reversal_fixed,2,935,nutrients_risk,0.06264198391522359,-0.05551000000000001,0.003250438574493438
random_forest,direction_and_reversal_fixed,2,935,urinary_oxalate_excretion,0.08169187354270285,-0.05551000000000001,0.018703454397430118
random_forest,direction_and_reversal_fixed,2,935,bone_formation,0.0,-0.05551000000000001,-0.0
random_forest,direction_and_reversal_fixed,2,935,bone_resorption,0.016281447078015647,-0.05551000000000001,-0.0005153656630800422
random_forest,direction_and_reversal_fixed,2,935,hydration_fluid_intake,0.2067729611730392,-0.05551000000000001,-0.02531293639279803
random_forest,direction_and_reversal_fixed,2,935,urine_chemistry,0.19063677378437457,-0.05551000000000001,-0.018043789559648544
