"first","second","truth_sign","ordinary_point_agreement","asymmetric_point_agreement","ordinary_bootstrap_mean_agreement","asymmetric_bootstrap_mean_agreement","point_agreement_difference","bootstrap_mean_agreement_difference"
"altered_gravity","astronaut_selection",-1,1,1,1,1,0,0
"altered_gravity","bisphosphonates",-1,-1,-1,-0.287,-0.951,0,-0.664
"altered_gravity","bone_fracture_risk",1,-1,-1,-1,-1,0,0
"altered_gravity","bone_remodeling",-1,1,1,1,1,0,0
"altered_gravity","co2_risk",-1,-1,-1,-1,-1,0,0
"altered_gravity","crew_health_and_performance_system",1,1,1,1,1,0,0
"altered_gravity","distance_from_earth",1,1,1,1,1,0,0
"altered_gravity","food_and_nutrition_risk",1,1,1,1,1,0,0
"altered_gravity","hostile_closed_environment",1,1,1,1,1,0,0
"altered_gravity","hsia_risk",1,1,1,1,1,0,0
"altered_gravity","humidity",1,1,1,1,1,0,0
"altered_gravity","hydration",-1,1,1,1,1,0,0
"altered_gravity","individual_factors",-1,1,1,1,1,0,0
"altered_gravity","k_plus_citrate",-1,1,1,1,0.999,0,-0.001
"altered_gravity","medical_prevention_capability",-1,-1,-1,-1,-1,0,0
"altered_gravity","medical_treatment_capability",1,-1,-1,-1,-1,0,0
"altered_gravity","microbiome",-1,1,1,0.966,0.223,0,-0.743
"altered_gravity","microhost_risk",1,-1,-1,-1,-1,0,0
"altered_gravity","mineralized_renal_material",-1,1,1,1,1,0,0
"altered_gravity","nutrients",-1,1,1,1,1,0,0
"altered_gravity","pharm_risk",1,1,1,1,1,0,0
"altered_gravity","resistive_exercise",-1,1,1,1,1,0,0
"altered_gravity","thiazides",-1,1,1,1,1,0,0
"altered_gravity","urine_chemistry",-1,1,1,1,1,0,0
"altered_gravity","urine_concentration",-1,1,1,1,1,0,0
"altered_gravity","vehicle_design",1,-1,1,-0.099,1,2,1.099
"altered_gravity","water_intake",1,1,1,1,1,0,0
"astronaut_selection","bisphosphonates",1,1,1,1,1,0,0
"astronaut_selection","bone_fracture_risk",1,1,1,1,1,0,0
"astronaut_selection","bone_remodeling",1,-1,-1,-0.908,-0.97,0,-0.0619999999999999
"astronaut_selection","co2_risk",1,1,1,1,1,0,0
"astronaut_selection","crew_health_and_performance_system",1,1,1,1,1,0,0
"astronaut_selection","distance_from_earth",1,1,1,1,1,0,0
"astronaut_selection","food_and_nutrition_risk",1,1,1,1,1,0,0
"astronaut_selection","hostile_closed_environment",1,1,1,1,1,0,0
"astronaut_selection","hsia_risk",1,1,1,1,1,0,0
"astronaut_selection","humidity",1,1,1,1,1,0,0
"astronaut_selection","hydration",1,1,1,0.993,0.938,0,-0.055
"astronaut_selection","individual_factors",-1,1,1,1,1,0,0
"astronaut_selection","k_plus_citrate",1,1,1,1,1,0,0
"astronaut_selection","medical_prevention_capability",-1,-1,-1,-1,-1,0,0
"astronaut_selection","medical_treatment_capability",1,1,1,0.992,0.999,0,0.00700000000000001
"astronaut_selection","microbiome",1,1,1,1,1,0,0
"astronaut_selection","microhost_risk",1,1,1,1,1,0,0
"astronaut_selection","mineralized_renal_material",-1,1,1,1,1,0,0
"astronaut_selection","nutrients",1,1,1,1,1,0,0
"astronaut_selection","pharm_risk",1,1,1,1,1,0,0
"astronaut_selection","resistive_exercise",1,1,1,1,1,0,0
"astronaut_selection","thiazides",1,-1,-1,-1,-1,0,0
"astronaut_selection","urine_chemistry",-1,1,1,1,1,0,0
"astronaut_selection","urine_concentration",1,-1,-1,-0.995,-1,0,-0.005
"astronaut_selection","vehicle_design",1,1,1,1,1,0,0
"astronaut_selection","water_intake",1,1,1,1,1,0,0
"bisphosphonates","bone_fracture_risk",1,-1,-1,-1,-1,0,0
"bisphosphonates","bone_remodeling",-1,1,1,1,1,0,0
"bisphosphonates","co2_risk",-1,-1,-1,-1,-1,0,0
"bisphosphonates","crew_health_and_performance_system",1,1,1,1,0.996,0,-0.004
"bisphosphonates","distance_from_earth",1,1,1,1,1,0,0
"bisphosphonates","food_and_nutrition_risk",1,1,1,1,1,0,0
"bisphosphonates","hostile_closed_environment",1,1,1,1,1,0,0
"bisphosphonates","hsia_risk",1,1,1,1,1,0,0
"bisphosphonates","humidity",1,1,1,1,0.976,0,-0.024
"bisphosphonates","hydration",-1,1,1,1,1,0,0
"bisphosphonates","individual_factors",-1,1,1,1,1,0,0
"bisphosphonates","k_plus_citrate",-1,1,1,1,0.998,0,-0.002
"bisphosphonates","medical_prevention_capability",-1,-1,-1,-1,-1,0,0
"bisphosphonates","medical_treatment_capability",1,-1,-1,-1,-1,0,0
"bisphosphonates","microbiome",-1,1,1,0.99,0.93,0,-0.0599999999999999
"bisphosphonates","microhost_risk",1,-1,-1,-1,-0.998,0,0.002
"bisphosphonates","mineralized_renal_material",-1,1,1,1,1,0,0
"bisphosphonates","nutrients",1,-1,-1,-1,-1,0,0
"bisphosphonates","pharm_risk",1,1,1,1,1,0,0
"bisphosphonates","resistive_exercise",1,-1,-1,-1,-1,0,0
"bisphosphonates","thiazides",-1,1,1,1,1,0,0
"bisphosphonates","urine_chemistry",-1,1,1,1,1,0,0
"bisphosphonates","urine_concentration",-1,1,1,1,1,0,0
"bisphosphonates","vehicle_design",1,-1,-1,-0.423,-0.437,0,-0.014
"bisphosphonates","water_intake",1,1,1,1,1,0,0
"bone_fracture_risk","bone_remodeling",-1,1,1,1,1,0,0
"bone_fracture_risk","co2_risk",-1,-1,-1,-1,-1,0,0
"bone_fracture_risk","crew_health_and_performance_system",1,1,1,1,1,0,0
"bone_fracture_risk","distance_from_earth",1,1,1,1,1,0,0
"bone_fracture_risk","food_and_nutrition_risk",1,1,1,1,1,0,0
"bone_fracture_risk","hostile_closed_environment",1,1,1,1,1,0,0
"bone_fracture_risk","hsia_risk",1,1,1,1,1,0,0
"bone_fracture_risk","humidity",1,1,1,1,1,0,0
"bone_fracture_risk","hydration",-1,1,1,1,1,0,0
"bone_fracture_risk","individual_factors",-1,1,1,1,1,0,0
"bone_fracture_risk","k_plus_citrate",-1,-1,-1,-0.797,-0.416,0,0.381
"bone_fracture_risk","medical_prevention_capability",-1,-1,-1,-1,-1,0,0
"bone_fracture_risk","medical_treatment_capability",1,-1,-1,-1,-1,0,0
"bone_fracture_risk","microbiome",-1,-1,-1,-0.601,-0.963,0,-0.362
"bone_fracture_risk","microhost_risk",1,-1,1,-0.135,0.952,2,1.087
"bone_fracture_risk","mineralized_renal_material",-1,1,1,1,1,0,0
"bone_fracture_risk","nutrients",-1,1,1,1,1,0,0
"bone_fracture_risk","pharm_risk",1,1,1,1,1,0,0
"bone_fracture_risk","resistive_exercise",-1,1,1,1,1,0,0
"bone_fracture_risk","thiazides",-1,1,1,1,1,0,0
"bone_fracture_risk","urine_chemistry",-1,1,1,1,1,0,0
"bone_fracture_risk","urine_concentration",-1,1,1,1,1,0,0
"bone_fracture_risk","vehicle_design",1,1,1,0.998,1,0,0.002
"bone_fracture_risk","water_intake",1,1,1,1,1,0,0
"bone_remodeling","co2_risk",1,1,1,1,1,0,0
"bone_remodeling","crew_health_and_performance_system",1,1,1,1,1,0,0
"bone_remodeling","distance_from_earth",1,1,1,1,1,0,0
"bone_remodeling","food_and_nutrition_risk",1,1,1,1,1,0,0
"bone_remodeling","hostile_closed_environment",1,1,1,1,1,0,0
"bone_remodeling","hsia_risk",1,1,1,1,1,0,0
"bone_remodeling","humidity",1,1,1,1,1,0,0
"bone_remodeling","hydration",1,1,1,1,0.995,0,-0.005
"bone_remodeling","individual_factors",-1,1,1,1,1,0,0
"bone_remodeling","k_plus_citrate",1,1,1,1,1,0,0
"bone_remodeling","medical_prevention_capability",-1,-1,-1,-1,-1,0,0
"bone_remodeling","medical_treatment_capability",1,1,1,1,0.996,0,-0.004
"bone_remodeling","microbiome",1,1,1,1,1,0,0
"bone_remodeling","microhost_risk",1,1,1,1,1,0,0
"bone_remodeling","mineralized_renal_material",-1,1,1,1,1,0,0
"bone_remodeling","nutrients",1,1,1,1,1,0,0
"bone_remodeling","pharm_risk",1,1,1,1,1,0,0
"bone_remodeling","resistive_exercise",1,1,1,1,1,0,0
"bone_remodeling","thiazides",1,-1,-1,-0.92,-0.825,0,0.0950000000000001
"bone_remodeling","urine_chemistry",-1,1,1,1,1,0,0
"bone_remodeling","urine_concentration",1,-1,-1,-0.835,-0.732,0,0.103
"bone_remodeling","vehicle_design",1,1,1,1,1,0,0
"bone_remodeling","water_intake",1,1,1,1,1,0,0
"co2_risk","crew_health_and_performance_system",1,-1,-1,-1,-1,0,0
"co2_risk","distance_from_earth",1,0,0,0,0,0,0
"co2_risk","food_and_nutrition_risk",1,0,0,0,0,0,0
"co2_risk","hostile_closed_environment",1,0,0,0,0,0,0
"co2_risk","hsia_risk",1,0,0,0,0,0,0
"co2_risk","humidity",1,-1,-1,-1,-1,0,0
"co2_risk","hydration",1,-1,-1,-1,-1,0,0
"co2_risk","individual_factors",-1,1,1,1,1,0,0
"co2_risk","k_plus_citrate",-1,1,1,1,1,0,0
"co2_risk","medical_prevention_capability",-1,0,0,0,0,0,0
"co2_risk","medical_treatment_capability",1,-1,-1,-1,-1,0,0
"co2_risk","microbiome",-1,1,1,1,1,0,0
"co2_risk","microhost_risk",1,-1,-1,-1,-1,0,0
"co2_risk","mineralized_renal_material",-1,1,1,1,1,0,0
"co2_risk","nutrients",1,-1,-1,-1,-1,0,0
"co2_risk","pharm_risk",1,0,0,0,0,0,0
"co2_risk","resistive_exercise",1,-1,-1,-1,-1,0,0
"co2_risk","thiazides",-1,1,1,1,1,0,0
"co2_risk","urine_chemistry",-1,1,1,1,1,0,0
"co2_risk","urine_concentration",-1,1,1,1,1,0,0
"co2_risk","vehicle_design",1,-1,-1,-1,-1,0,0
"co2_risk","water_intake",1,0,0,0,0,0,0
"crew_health_and_performance_system","distance_from_earth",1,1,1,1,1,0,0
"crew_health_and_performance_system","food_and_nutrition_risk",1,1,1,1,1,0,0
"crew_health_and_performance_system","hostile_closed_environment",1,1,1,1,1,0,0
"crew_health_and_performance_system","hsia_risk",1,1,1,1,1,0,0
"crew_health_and_performance_system","humidity",1,-1,-1,-0.247,-0.93,0,-0.683
"crew_health_and_performance_system","hydration",-1,1,1,1,1,0,0
"crew_health_and_performance_system","individual_factors",-1,1,1,1,1,0,0
"crew_health_and_performance_system","k_plus_citrate",-1,1,1,1,1,0,0
"crew_health_and_performance_system","medical_prevention_capability",-1,-1,-1,-1,-1,0,0
"crew_health_and_performance_system","medical_treatment_capability",1,-1,-1,-1,-1,0,0
"crew_health_and_performance_system","microbiome",-1,1,1,1,1,0,0
"crew_health_and_performance_system","microhost_risk",-1,1,1,1,1,0,0
"crew_health_and_performance_system","mineralized_renal_material",-1,1,1,1,1,0,0
"crew_health_and_performance_system","nutrients",-1,1,1,1,1,0,0
"crew_health_and_performance_system","pharm_risk",1,1,1,1,1,0,0
"crew_health_and_performance_system","resistive_exercise",-1,1,1,1,1,0,0
"crew_health_and_performance_system","thiazides",-1,1,1,1,1,0,0
"crew_health_and_performance_system","urine_chemistry",-1,1,1,1,1,0,0
"crew_health_and_performance_system","urine_concentration",-1,1,1,1,1,0,0
"crew_health_and_performance_system","vehicle_design",1,-1,-1,-1,-1,0,0
"crew_health_and_performance_system","water_intake",1,1,1,1,1,0,0
"distance_from_earth","food_and_nutrition_risk",-1,0,0,0,0,0,0
"distance_from_earth","hostile_closed_environment",-1,0,0,0,0,0,0
"distance_from_earth","hsia_risk",-1,0,0,0,0,0,0
"distance_from_earth","humidity",-1,1,1,1,1,0,0
"distance_from_earth","hydration",-1,1,1,1,1,0,0
"distance_from_earth","individual_factors",-1,1,1,1,1,0,0
"distance_from_earth","k_plus_citrate",-1,1,1,1,1,0,0
"distance_from_earth","medical_prevention_capability",-1,0,0,0,0,0,0
"distance_from_earth","medical_treatment_capability",-1,1,1,1,1,0,0
"distance_from_earth","microbiome",-1,1,1,1,1,0,0
"distance_from_earth","microhost_risk",-1,1,1,1,1,0,0
"distance_from_earth","mineralized_renal_material",-1,1,1,1,1,0,0
"distance_from_earth","nutrients",-1,1,1,1,1,0,0
"distance_from_earth","pharm_risk",-1,0,0,0,0,0,0
"distance_from_earth","resistive_exercise",-1,1,1,1,1,0,0
"distance_from_earth","thiazides",-1,1,1,1,1,0,0
"distance_from_earth","urine_chemistry",-1,1,1,1,1,0,0
"distance_from_earth","urine_concentration",-1,1,1,1,1,0,0
"distance_from_earth","vehicle_design",1,-1,-1,-1,-1,0,0
"distance_from_earth","water_intake",-1,0,0,0,0,0,0
"food_and_nutrition_risk","hostile_closed_environment",1,0,0,0,0,0,0
"food_and_nutrition_risk","hsia_risk",1,0,0,0,0,0,0
"food_and_nutrition_risk","humidity",1,-1,-1,-1,-1,0,0
"food_and_nutrition_risk","hydration",-1,1,1,1,1,0,0
"food_and_nutrition_risk","individual_factors",-1,1,1,1,1,0,0
"food_and_nutrition_risk","k_plus_citrate",-1,1,1,1,1,0,0
"food_and_nutrition_risk","medical_prevention_capability",-1,0,0,0,0,0,0
"food_and_nutrition_risk","medical_treatment_capability",1,-1,-1,-1,-1,0,0
"food_and_nutrition_risk","microbiome",-1,1,1,1,1,0,0
"food_and_nutrition_risk","microhost_risk",-1,1,1,1,1,0,0
"food_and_nutrition_risk","mineralized_renal_material",-1,1,1,1,1,0,0
"food_and_nutrition_risk","nutrients",-1,1,1,1,1,0,0
"food_and_nutrition_risk","pharm_risk",1,0,0,0,0,0,0
"food_and_nutrition_risk","resistive_exercise",-1,1,1,1,1,0,0
"food_and_nutrition_risk","thiazides",-1,1,1,1,1,0,0
"food_and_nutrition_risk","urine_chemistry",-1,1,1,1,1,0,0
"food_and_nutrition_risk","urine_concentration",-1,1,1,1,1,0,0
"food_and_nutrition_risk","vehicle_design",1,-1,-1,-1,-1,0,0
"food_and_nutrition_risk","water_intake",1,0,0,0,0,0,0
"hostile_closed_environment","hsia_risk",1,0,0,0,0,0,0
"hostile_closed_environment","humidity",1,-1,-1,-1,-1,0,0
"hostile_closed_environment","hydration",-1,1,1,1,1,0,0
"hostile_closed_environment","individual_factors",-1,1,1,1,1,0,0
"hostile_closed_environment","k_plus_citrate",-1,1,1,1,1,0,0
"hostile_closed_environment","medical_prevention_capability",-1,0,0,0,0,0,0
"hostile_closed_environment","medical_treatment_capability",1,-1,-1,-1,-1,0,0
"hostile_closed_environment","microbiome",-1,1,1,1,1,0,0
"hostile_closed_environment","microhost_risk",-1,1,1,1,1,0,0
"hostile_closed_environment","mineralized_renal_material",-1,1,1,1,1,0,0
"hostile_closed_environment","nutrients",-1,1,1,1,1,0,0
"hostile_closed_environment","pharm_risk",1,0,0,0,0,0,0
"hostile_closed_environment","resistive_exercise",-1,1,1,1,1,0,0
"hostile_closed_environment","thiazides",-1,1,1,1,1,0,0
"hostile_closed_environment","urine_chemistry",-1,1,1,1,1,0,0
"hostile_closed_environment","urine_concentration",-1,1,1,1,1,0,0
"hostile_closed_environment","vehicle_design",1,-1,-1,-1,-1,0,0
"hostile_closed_environment","water_intake",1,0,0,0,0,0,0
"hsia_risk","humidity",-1,1,1,1,1,0,0
"hsia_risk","hydration",-1,1,1,1,1,0,0
"hsia_risk","individual_factors",-1,1,1,1,1,0,0
"hsia_risk","k_plus_citrate",-1,1,1,1,1,0,0
"hsia_risk","medical_prevention_capability",-1,0,0,0,0,0,0
"hsia_risk","medical_treatment_capability",-1,1,1,1,1,0,0
"hsia_risk","microbiome",-1,1,1,1,1,0,0
"hsia_risk","microhost_risk",-1,1,1,1,1,0,0
"hsia_risk","mineralized_renal_material",-1,1,1,1,1,0,0
"hsia_risk","nutrients",-1,1,1,1,1,0,0
"hsia_risk","pharm_risk",-1,0,0,0,0,0,0
"hsia_risk","resistive_exercise",-1,1,1,1,1,0,0
"hsia_risk","thiazides",-1,1,1,1,1,0,0
"hsia_risk","urine_chemistry",-1,1,1,1,1,0,0
"hsia_risk","urine_concentration",-1,1,1,1,1,0,0
"hsia_risk","vehicle_design",1,-1,-1,-1,-1,0,0
"hsia_risk","water_intake",-1,0,0,0,0,0,0
"humidity","hydration",-1,1,1,1,1,0,0
"humidity","individual_factors",-1,1,1,1,1,0,0
"humidity","k_plus_citrate",-1,1,1,1,1,0,0
"humidity","medical_prevention_capability",-1,-1,-1,-1,-1,0,0
"humidity","medical_treatment_capability",1,-1,-1,-1,-1,0,0
"humidity","microbiome",-1,1,1,1,1,0,0
"humidity","microhost_risk",-1,1,1,1,1,0,0
"humidity","mineralized_renal_material",-1,1,1,1,1,0,0
"humidity","nutrients",-1,1,1,1,1,0,0
"humidity","pharm_risk",1,1,1,1,1,0,0
"humidity","resistive_exercise",-1,1,1,1,1,0,0
"humidity","thiazides",-1,1,1,1,1,0,0
"humidity","urine_chemistry",-1,1,1,1,1,0,0
"humidity","urine_concentration",-1,1,1,1,1,0,0
"humidity","vehicle_design",1,-1,-1,-1,-1,0,0
"humidity","water_intake",1,1,1,1,1,0,0
"hydration","individual_factors",-1,1,1,1,1,0,0
"hydration","k_plus_citrate",-1,-1,-1,-1,-1,0,0
"hydration","medical_prevention_capability",-1,-1,-1,-1,-1,0,0
"hydration","medical_treatment_capability",1,-1,-1,-0.259,-0.302,0,-0.043
"hydration","microbiome",-1,-1,-1,-1,-1,0,0
"hydration","microhost_risk",1,1,1,1,1,0,0
"hydration","mineralized_renal_material",-1,1,1,1,1,0,0
"hydration","nutrients",1,1,1,0.935,0.978,0,0.0429999999999999
"hydration","pharm_risk",1,1,1,1,1,0,0
"hydration","resistive_exercise",1,1,1,0.997,0.994,0,-0.003
"hydration","thiazides",-1,1,1,1,1,0,0
"hydration","urine_chemistry",-1,1,1,1,1,0,0
"hydration","urine_concentration",-1,1,1,1,1,0,0
"hydration","vehicle_design",1,1,1,1,1,0,0
"hydration","water_intake",1,1,1,1,1,0,0
"individual_factors","k_plus_citrate",1,1,1,1,1,0,0
"individual_factors","medical_prevention_capability",1,1,1,1,1,0,0
"individual_factors","medical_treatment_capability",1,1,1,1,1,0,0
"individual_factors","microbiome",1,1,1,1,1,0,0
"individual_factors","microhost_risk",1,1,1,1,1,0,0
"individual_factors","mineralized_renal_material",-1,1,1,0.982,0.993,0,0.011
"individual_factors","nutrients",1,1,1,1,1,0,0
"individual_factors","pharm_risk",1,1,1,1,1,0,0
"individual_factors","resistive_exercise",1,1,1,1,1,0,0
"individual_factors","thiazides",1,1,1,1,1,0,0
"individual_factors","urine_chemistry",-1,-1,-1,-1,-1,0,0
"individual_factors","urine_concentration",1,1,1,1,1,0,0
"individual_factors","vehicle_design",1,1,1,1,1,0,0
"individual_factors","water_intake",1,1,1,1,1,0,0
"k_plus_citrate","medical_prevention_capability",-1,-1,-1,-1,-1,0,0
"k_plus_citrate","medical_treatment_capability",1,-1,-1,-1,-1,0,0
"k_plus_citrate","microbiome",1,1,1,0.2,0.979,0,0.779
"k_plus_citrate","microhost_risk",1,-1,1,-0.836,0.47,2,1.306
"k_plus_citrate","mineralized_renal_material",-1,1,1,1,1,0,0
"k_plus_citrate","nutrients",1,-1,-1,-1,-1,0,0
"k_plus_citrate","pharm_risk",1,1,1,1,1,0,0
"k_plus_citrate","resistive_exercise",1,-1,-1,-1,-1,0,0
"k_plus_citrate","thiazides",1,-1,-1,-1,-1,0,0
"k_plus_citrate","urine_chemistry",-1,1,1,1,1,0,0
"k_plus_citrate","urine_concentration",-1,1,1,1,1,0,0
"k_plus_citrate","vehicle_design",1,1,1,0.989,1,0,0.011
"k_plus_citrate","water_intake",1,1,1,1,1,0,0
"medical_prevention_capability","medical_treatment_capability",1,-1,-1,-1,-1,0,0
"medical_prevention_capability","microbiome",1,-1,-1,-1,-1,0,0
"medical_prevention_capability","microhost_risk",1,-1,-1,-1,-1,0,0
"medical_prevention_capability","mineralized_renal_material",-1,1,1,1,1,0,0
"medical_prevention_capability","nutrients",1,-1,-1,-1,-1,0,0
"medical_prevention_capability","pharm_risk",1,0,0,0,0,0,0
"medical_prevention_capability","resistive_exercise",1,-1,-1,-1,-1,0,0
"medical_prevention_capability","thiazides",1,-1,-1,-1,-1,0,0
"medical_prevention_capability","urine_chemistry",-1,1,1,1,1,0,0
"medical_prevention_capability","urine_concentration",1,-1,-1,-1,-1,0,0
"medical_prevention_capability","vehicle_design",1,-1,-1,-1,-1,0,0
"medical_prevention_capability","water_intake",1,0,0,0,0,0,0
"medical_treatment_capability","microbiome",-1,-1,-1,-1,-1,0,0
"medical_treatment_capability","microhost_risk",-1,-1,-1,-1,-1,0,0
"medical_treatment_capability","mineralized_renal_material",-1,1,1,1,1,0,0
"medical_treatment_capability","nutrients",-1,-1,-1,-0.975,-0.999,0,-0.024
"medical_treatment_capability","pharm_risk",-1,-1,-1,-1,-1,0,0
"medical_treatment_capability","resistive_exercise",-1,-1,-1,-1,-1,0,0
"medical_treatment_capability","thiazides",-1,1,1,1,1,0,0
"medical_treatment_capability","urine_chemistry",-1,1,1,1,1,0,0
"medical_treatment_capability","urine_concentration",-1,1,1,1,1,0,0
"medical_treatment_capability","vehicle_design",1,1,1,1,1,0,0
"medical_treatment_capability","water_intake",-1,-1,-1,-1,-1,0,0
"microbiome","microhost_risk",1,-1,-1,-0.788,-0.873,0,-0.085
"microbiome","mineralized_renal_material",-1,1,1,1,1,0,0
"microbiome","nutrients",1,-1,-1,-0.998,-1,0,-0.002
"microbiome","pharm_risk",1,1,1,1,1,0,0
"microbiome","resistive_exercise",1,-1,-1,-1,-1,0,0
"microbiome","thiazides",-1,1,1,1,1,0,0
"microbiome","urine_chemistry",-1,1,1,1,1,0,0
"microbiome","urine_concentration",-1,1,1,1,1,0,0
"microbiome","vehicle_design",1,1,1,0.99,0.991,0,0.001
"microbiome","water_intake",1,1,1,1,1,0,0
"microhost_risk","mineralized_renal_material",-1,1,1,1,1,0,0
"microhost_risk","nutrients",-1,1,1,0.999,1,0,0.001
"microhost_risk","pharm_risk",1,1,1,1,1,0,0
"microhost_risk","resistive_exercise",-1,1,1,1,1,0,0
"microhost_risk","thiazides",-1,1,1,1,1,0,0
"microhost_risk","urine_chemistry",-1,1,1,1,1,0,0
"microhost_risk","urine_concentration",-1,1,1,1,1,0,0
"microhost_risk","vehicle_design",1,1,1,1,1,0,0
"microhost_risk","water_intake",1,1,1,1,1,0,0
"mineralized_renal_material","nutrients",1,1,1,1,1,0,0
"mineralized_renal_material","pharm_risk",1,1,1,1,1,0,0
"mineralized_renal_material","resistive_exercise",1,1,1,1,1,0,0
"mineralized_renal_material","thiazides",1,1,1,1,1,0,0
"mineralized_renal_material","urine_chemistry",1,1,1,1,1,0,0
"mineralized_renal_material","urine_concentration",1,1,1,1,1,0,0
"mineralized_renal_material","vehicle_design",1,1,1,1,1,0,0
"mineralized_renal_material","water_intake",1,1,1,1,1,0,0
"nutrients","pharm_risk",1,1,1,1,1,0,0
"nutrients","resistive_exercise",-1,-1,1,-0.477,0.189,2,0.666
"nutrients","thiazides",-1,1,1,1,1,0,0
"nutrients","urine_chemistry",-1,1,1,1,1,0,0
"nutrients","urine_concentration",-1,1,1,1,1,0,0
"nutrients","vehicle_design",1,1,1,1,1,0,0
"nutrients","water_intake",1,1,1,1,1,0,0
"pharm_risk","resistive_exercise",-1,1,1,1,1,0,0
"pharm_risk","thiazides",-1,1,1,1,1,0,0
"pharm_risk","urine_chemistry",-1,1,1,1,1,0,0
"pharm_risk","urine_concentration",-1,1,1,1,1,0,0
"pharm_risk","vehicle_design",1,-1,-1,-1,-1,0,0
"pharm_risk","water_intake",-1,0,0,0,0,0,0
"resistive_exercise","thiazides",-1,1,1,1,1,0,0
"resistive_exercise","urine_chemistry",-1,1,1,1,1,0,0
"resistive_exercise","urine_concentration",-1,1,1,1,1,0,0
"resistive_exercise","vehicle_design",1,1,1,1,1,0,0
"resistive_exercise","water_intake",1,1,1,1,1,0,0
"thiazides","urine_chemistry",-1,1,1,1,1,0,0
"thiazides","urine_concentration",-1,-1,-1,-0.091,-0.07,0,0.021
"thiazides","vehicle_design",1,1,1,1,1,0,0
"thiazides","water_intake",1,1,1,1,1,0,0
"urine_chemistry","urine_concentration",1,1,1,1,1,0,0
"urine_chemistry","vehicle_design",1,1,1,1,1,0,0
"urine_chemistry","water_intake",1,1,1,1,1,0,0
"urine_concentration","vehicle_design",1,1,1,1,1,0,0
"urine_concentration","water_intake",1,1,1,1,1,0,0
"vehicle_design","water_intake",-1,-1,-1,-1,-1,0,0
